{
  "model_name": "Gradient Boosting",
  "r2": 0.8930255509146126,
  "rmse": 34.910402573631245,
  "mae": 22.050258036022854,
  "mape": 144.99858694608537
}